{
  "accuracy": 0.697362056914455,
  "precision": 0.6834735662459054,
  "recall": 0.6748202212280853,
  "mAP50-95": 0.4843323759682869,
  "inference_time_ms": 8.786568001135072,
  "per_class": {
    "30C": 0.30508,
    "40C": 0.39451,
    "50C": 0.84925,
    "60C": 0.73987,
    "70C": 0.89550,
    "95C": 0.48433,
    "DN_bleach": 0.59229,
    "DN_dry": 0.48433,
    "DN_dry_clean": 0.58053,
    "DN_iron": 0.64151,
    "DN_steam": 0.48433,
    "DN_tumble_dry": 0.66941,
    "DN_wash": 0.52506,
    "DN_wet_clean": 0.00000,
    "DN_wring": 0.69400,
    "bleach": 0.48433,
    "chlorine_bleach": 0.48433,
    "non_chlorine_bleach": 0.46608,
    "drip_dry": 0.48433,
    "drip_dry_in_shade": 0.48433,
    "dry_flat": 0.57462,
    "dry_flat_in_shade": 0.34150,
    "line_dry": 0.48433,
    "line_dry_in_shade": 0.50061,
    "natural_dry": 0.48433,
    "shade_dry": 0.00000,
    "dry_clean": 0.44954,
    "dry_clean_any_solvent_except_trichloroethylene": 0.62562,
    "dry_clean_petrol_only": 0.43047,
    "hand_wash": 0.69285,
    "machine_wash": 0.00000,
    "iron": 0.34883,
    "iron_high": 0.50407,
    "iron_medium": 0.36159,
    "iron_low": 0.51194,
    "steam": 0.48433,
    "tumble_dry_normal": 0.41641,
    "tumble_dry_low": 0.55528,
    "tumble_dry_medium": 0.31849,
    "tumble_dry_high": 0.48433,
    "tumble_dry_no_heat": 0.48433,
    "wet_clean": 0.48433,
    "wring": 0.54503
  }
}
